{
    "msg": {
        "code": 0,
        "info": ""
    },
    "data": {
        "goods": [
            {
                "id": 9838025,
                "image1": "https:\/\/static.91haoka.cn\/1701251629W1R.jpg",
                "title": "\u5408\u4f19\u4eba\u653f\u7b56\uff0c\u6b22\u8fce\u6d3d\u8c08\uff0c\u5fae\u4fe1\u4e8c\u7ef4\u7801\u5728\u8be6\u60c5\u9875",
                "selling_point": "[\"\u4e0d\u6dfb\u52a0\u52ff\u63a8\u5e7f\",\"\u91cf\u5927\u53ef\u8c08\",\"+V\uff1aXKKJ66\"]",
                "yuezu": 1,
                "liuliang": 1,
                "yuyin": 1,
                "dx_liuliang": 1,
                "product_shop_id": 563381,
                "page_shop_id": 563381,
                "pool_id": 0,
                "pool_use_rang": 1,
                "take_number": 0,
                "points": "\u4e0d\u6dfb\u52a0\u52ff\u63a8\u5e7f\uff0c\u91cf\u5927\u53ef\u8c08\uff0c+V\uff1aXKKJ66",
                "operator": 10010,
                "is_top": 1744073402,
                "is_main": 0,
                "share_img": "",
                "shield_id": null,
                "fetch_code": "Qm9SpxyHEe",
                "create_page_time": "2023-11-29 17:54:00"
            },
            {
                "id": 43248439,
                "image1": "https:\/\/static.91haoka.cn\/1742716364ytm563381.jpg",
                "title": "20.\u7535\u4fe1\u661f\u536129\u5143\u5305155G\u901a\u7528\u6d41\u91cf+30G\u5b9a\u5411\u6d41\u91cf+0.1\u5143\/\u5206\u949f\u901a\u8bdd",
                "selling_point": "[\"\u9996\u6708\u514d\u8d39\",\"\u6fc0\u6d3b\u5145100\",\"\u6fc0\u6d3b\u9009\u53f7\",\"\u957f\u671f\u5957\u9910\"]",
                "yuezu": 29,
                "liuliang": 155,
                "yuyin": 0,
                "dx_liuliang": 30,
                "product_shop_id": 616482,
                "page_shop_id": 563381,
                "pool_id": 0,
                "pool_use_rang": 1,
                "take_number": 0,
                "points": "",
                "operator": 10000,
                "is_top": 1742716425,
                "is_main": 1,
                "share_img": "",
                "shield_id": null,
                "fetch_code": "hO1pY2Dsvr",
                "create_page_time": "2025-03-23 15:53:08"
            },
            {
                "id": 42459494,
                "image1": "https:\/\/static.91haoka.cn\/17413312535n4563381.jpg",
                "title": "11.\u7535\u4fe1\u661f\u536129\u5143\u5305205G\u901a\u7528\u6d41\u91cf+30G\u5b9a\u5411\u6d41\u91cf+100\u5206\u949f\u901a\u8bdd",
                "selling_point": "[\"\u5168\u56fd\u53d1\u8d27\",\"\u5927\u6d41\u91cf\u5361\",\"\u4e24\u5e74\u4f18\u60e0\u671f\"]",
                "yuezu": 29,
                "liuliang": 205,
                "yuyin": 100,
                "dx_liuliang": 30,
                "product_shop_id": 316354,
                "page_shop_id": 563381,
                "pool_id": 0,
                "pool_use_rang": 0,
                "take_number": 0,
                "points": "",
                "operator": 10000,
                "is_top": 1741573115,
                "is_main": 1,
                "share_img": "",
                "shield_id": null,
                "fetch_code": "y0CkCQ6t1f",
                "create_page_time": "2025-03-07 15:08:04"
            },
            {
                "id": 43891070,
                "image1": "https:\/\/static.91haoka.cn\/1743934675ljm563381.jpg",
                "title": "1.\u8054\u901a\u6625\u98ce\u536139\u5143\u5305280G\u901a\u7528\u6d41\u91cf+100\u5206\u949f\u514d\u8d39\u901a\u8bdd",
                "selling_point": "[\"\u5927\u6d41\u91cf\u5361\",\"\u4e0a\u4f20\u4e09\u7167\u4e0b\u5355\",\"\u53d1\u5168\u56fd\"]",
                "yuezu": 39,
                "liuliang": 280,
                "yuyin": 100,
                "dx_liuliang": 0,
                "product_shop_id": 616482,
                "page_shop_id": 563381,
                "pool_id": 0,
                "pool_use_rang": 1,
                "take_number": 0,
                "points": "",
                "operator": 10010,
                "is_top": 0,
                "is_main": 0,
                "share_img": "",
                "shield_id": null,
                "fetch_code": "rxBOkkWpD1",
                "create_page_time": "2025-04-06 18:18:17"
            },
            {
                "id": 43782905,
                "image1": "https:\/\/static.91haoka.cn\/1743587861MJz563381.jpg",
                "title": "2.\u8054\u901a\u56db\u5ddd\u536129\u5143\u5305160G\u901a\u7528\u6d41\u91cf+100\u5206\u949f\u514d\u8d39\u901a\u8bdd\uff08\u4ec5\u53d1\u56db\u5ddd\uff09",
                "selling_point": "[\"\u4ec5\u53d1\u56db\u5ddd\u7701\u5185\",\"\u53ef\u9009\u53f7\",\"\u957f\u671f\u5957\u9910\"]",
                "yuezu": 29,
                "liuliang": 160,
                "yuyin": 100,
                "dx_liuliang": 0,
                "product_shop_id": 316354,
                "page_shop_id": 563381,
                "pool_id": 0,
                "pool_use_rang": 0,
                "take_number": 3,
                "points": "",
                "operator": 10010,
                "is_top": 0,
                "is_main": 0,
                "share_img": "",
                "shield_id": null,
                "fetch_code": "9CgFlRuO1z",
                "create_page_time": "2025-04-02 17:58:16"
            },
            {
                "id": 43782302,
                "image1": "https:\/\/static.91haoka.cn\/1743586204kSO563381.jpg",
                "title": "1.\u8054\u901a\u56db\u5ddd\u536139\u5143\u5305215G\u901a\u7528\u6d41\u91cf+100\u5206\u949f\u514d\u8d39\u901a\u8bdd\uff08\u4ec5\u53d1\u56db\u5ddd\uff09",
                "selling_point": "[\"\u4ec5\u53d1\u56db\u5ddd\u7701\u5185\",\"\u957f\u671f\u5957\u9910\",\"\u53ef\u9009\u53f7\"]",
                "yuezu": 39,
                "liuliang": 215,
                "yuyin": 100,
                "dx_liuliang": 0,
                "product_shop_id": 316354,
                "page_shop_id": 563381,
                "pool_id": 0,
                "pool_use_rang": 0,
                "take_number": 3,
                "points": "",
                "operator": 10010,
                "is_top": 0,
                "is_main": 0,
                "share_img": "",
                "shield_id": null,
                "fetch_code": "KCBopQou3x",
                "create_page_time": "2025-04-02 17:30:24"
            },
            {
                "id": 43780293,
                "image1": "https:\/\/static.91haoka.cn\/17435765968v9563381.jpg",
                "title": "28.\u7535\u4fe1\u661f\u536119\u5143\u5305155G\u901a\u7528\u6d41\u91cf+30G\u5b9a\u5411\u6d41\u91cf+100\u5206\u949f\u514d\u8d39\u901a\u8bdd\uff08\u4ec5\u53d1\u6e56\u5357\uff09",
                "selling_point": "[\"\u9996\u6708\u514d\u8d39\",\"\u4f4e\u6708\u79df\",\"\u9996\u514550\u5143\u4eab\u53d7\u4f18\u60e0\",\"\u4ec5\u53d1\u6e56\u5357\u7701\u5185\"]",
                "yuezu": 19,
                "liuliang": 155,
                "yuyin": 100,
                "dx_liuliang": 30,
                "product_shop_id": 301654,
                "page_shop_id": 563381,
                "pool_id": 0,
                "pool_use_rang": 0,
                "take_number": 0,
                "points": "",
                "operator": 10000,
                "is_top": 0,
                "is_main": 0,
                "share_img": "",
                "shield_id": null,
                "fetch_code": "rYaedmvj81",
                "create_page_time": "2025-04-02 14:53:46"
            },
            {
                "id": 43776900,
                "image1": "https:\/\/static.91haoka.cn\/1743563937oJF563381.jpg",
                "title": "2.\u79fb\u52a8\u4e0a\u6d77\u536129\u5143\u5305245G\u901a\u7528\u6d41\u91cf+100\u5206\u949f\u514d\u8d39\u901a\u8bdd\uff08\u4ec5\u53d1\u4e0a\u6d77\uff09",
                "selling_point": "[\"\u4ec5\u53d1\u4e0a\u6d77\",\"\u79fb\u52a8\u5927\u6d41\u91cf\u5361\",\"\u9700\u5728\u652f\u4ed8\u5b9d\u9996\u514550\u5143\"]",
                "yuezu": 29,
                "liuliang": 245,
                "yuyin": 100,
                "dx_liuliang": 0,
                "product_shop_id": 316354,
                "page_shop_id": 563381,
                "pool_id": 0,
                "pool_use_rang": 0,
                "take_number": 0,
                "points": "",
                "operator": 10086,
                "is_top": 0,
                "is_main": 0,
                "share_img": "",
                "shield_id": null,
                "fetch_code": "WOOkEdHlN7",
                "create_page_time": "2025-04-02 11:19:54"
            },
            {
                "id": 43776760,
                "image1": "https:\/\/static.91haoka.cn\/1743562885yAf563381.jpg",
                "title": "1.\u79fb\u52a8\u4e0a\u6d77\u536119\u5143\u5305188G\u901a\u7528\u6d41\u91cf+50\u5206\u949f\u514d\u8d39\u901a\u8bdd\uff08\u4ec5\u53d1\u4e0a\u6d77\uff09",
                "selling_point": "[\"\u4ec5\u53d1\u4e0a\u6d77\",\"\u79fb\u52a8\u5927\u6d41\u91cf\u5361\",\"\u9700\u5728\u652f\u4ed8\u5b9d\u9996\u514550\u5143\"]",
                "yuezu": 29,
                "liuliang": 188,
                "yuyin": 50,
                "dx_liuliang": 0,
                "product_shop_id": 316354,
                "page_shop_id": 563381,
                "pool_id": 0,
                "pool_use_rang": 0,
                "take_number": 0,
                "points": "",
                "operator": 10086,
                "is_top": 0,
                "is_main": 0,
                "share_img": "",
                "shield_id": null,
                "fetch_code": "ic1ousNQky",
                "create_page_time": "2025-04-02 11:07:42"
            },
            {
                "id": 43763223,
                "image1": "https:\/\/static.91haoka.cn\/1743511873YTU563381.jpg",
                "title": "\u8054\u901a\u4e0a\u6d77\u536119\u5143\u5305215G\u901a\u7528\u6d41\u91cf+20G\u5b9a\u5411\u6d41\u91cf+100\u5206\u949f\u514d\u8d39\u901a\u8bdd\uff08\u4ec5\u53d1\u4e0a\u6d77\uff09",
                "selling_point": "[\"\u4ec5\u53d1\u4e0a\u6d77\",\"\u8054\u901a\u4e0a\u95e8\u6fc0\u6d3b\"]",
                "yuezu": 19,
                "liuliang": 215,
                "yuyin": 100,
                "dx_liuliang": 20,
                "product_shop_id": 301654,
                "page_shop_id": 563381,
                "pool_id": 0,
                "pool_use_rang": 0,
                "take_number": 0,
                "points": "",
                "operator": 10010,
                "is_top": 0,
                "is_main": 0,
                "share_img": "",
                "shield_id": null,
                "fetch_code": "7zlq8q0IGo",
                "create_page_time": "2025-04-01 20:52:03"
            },
            {
                "id": 43762907,
                "image1": "https:\/\/static.91haoka.cn\/1743510604ngD563381.jpg",
                "title": "\u8054\u901a\u91d1\u9f99\u536119\u5143\u5305158G\u901a\u7528\u6d41\u91cf+30G\u5b9a\u5411\u6d41\u91cf+10.1\u5143\/\u5206\u949f\u901a\u8bdd\uff08\u4ec5\u53d1\u9655\u897f\uff09",
                "selling_point": "[\"\u4ec5\u53d1\u9655\u897f\",\"19\u5143\u6708\u79df\"]",
                "yuezu": 19,
                "liuliang": 158,
                "yuyin": 0,
                "dx_liuliang": 30,
                "product_shop_id": 478732,
                "page_shop_id": 563381,
                "pool_id": 0,
                "pool_use_rang": 0,
                "take_number": 0,
                "points": "",
                "operator": 10010,
                "is_top": 0,
                "is_main": 0,
                "share_img": "",
                "shield_id": null,
                "fetch_code": "LAEEgX3Fap",
                "create_page_time": "2025-04-01 20:30:33"
            },
            {
                "id": 43724917,
                "image1": "https:\/\/static.91haoka.cn\/1743473652SqY563381.jpg",
                "title": "26.\u7535\u4fe1\u661f\u536129\u5143\u5305105G\u5168\u56fd\u901a\u7528\u6d41\u91cf+30G\u5b9a\u5411\u6d41\u91cf+0.1\u5143\/\u5206\u949f\u901a\u8bdd",
                "selling_point": "[\"\u9996\u6708\u514d\u8d39\",\"\u957f\u671f\u5957\u9910\",\"\u5927\u6d41\u91cf\u5361\"]",
                "yuezu": 29,
                "liuliang": 105,
                "yuyin": 0,
                "dx_liuliang": 30,
                "product_shop_id": 316354,
                "page_shop_id": 563381,
                "pool_id": 0,
                "pool_use_rang": 0,
                "take_number": 0,
                "points": "",
                "operator": 10000,
                "is_top": 0,
                "is_main": 0,
                "share_img": "",
                "shield_id": null,
                "fetch_code": "kxKfWHsgCU",
                "create_page_time": "2025-04-01 10:14:45"
            },
            {
                "id": 43724463,
                "image1": "https:\/\/static.91haoka.cn\/1743471972xa6563381.jpg",
                "title": "25.\u7535\u4fe1\u661f\u536129\u5143\u5305105G\u5168\u56fd\u901a\u7528\u6d41\u91cf+30G\u5b9a\u5411\u6d41\u91cf+0.1\u5143\/\u5206\u949f\u901a\u8bdd(\u4ec5\u53d1\u6e56\u5357)",
                "selling_point": "[\"\u4ec5\u53d1\u6e56\u5357\",\"\u9996\u6708\u514d\u8d39\",\"\u5927\u6d41\u91cf\u5361\"]",
                "yuezu": 29,
                "liuliang": 105,
                "yuyin": 0,
                "dx_liuliang": 30,
                "product_shop_id": 585058,
                "page_shop_id": 563381,
                "pool_id": 0,
                "pool_use_rang": 0,
                "take_number": 0,
                "points": "",
                "operator": 10000,
                "is_top": 0,
                "is_main": 0,
                "share_img": "",
                "shield_id": null,
                "fetch_code": "H45j48yzHk",
                "create_page_time": "2025-04-01 09:46:38"
            },
            {
                "id": 43611046,
                "image1": "https:\/\/static.91haoka.cn\/1743239292EOV563381.jpg",
                "title": "2.\u8054\u901a\u6d77\u5357\u536149\u5143\u5305320G\u901a\u7528\u6d41\u91cf+30G\u5b9a\u5411\u6d41\u91cf+\u901a\u8bdd0.1\u5143\/\u5206\u949f\uff08\u4ec5\u53d1\u6d77\u5357\uff09",
                "selling_point": "[\"\u53ef\u9009\u53f7\",\"\u4ec5\u53d1\u6d77\u5357\",\"\u5927\u6d41\u91cf\u5361\"]",
                "yuezu": 49,
                "liuliang": 320,
                "yuyin": 0,
                "dx_liuliang": 30,
                "product_shop_id": 316354,
                "page_shop_id": 563381,
                "pool_id": 0,
                "pool_use_rang": 0,
                "take_number": 3,
                "points": "",
                "operator": 10010,
                "is_top": 0,
                "is_main": 0,
                "share_img": "",
                "shield_id": null,
                "fetch_code": "vq9gY2hiDn",
                "create_page_time": "2025-03-29 17:08:29"
            },
            {
                "id": 43600980,
                "image1": "https:\/\/static.91haoka.cn\/1743230486Tze563381.jpg",
                "title": "1.\u8054\u901a\u6d77\u5357\u536129\u5143\u5305205G\u901a\u7528\u6d41\u91cf+30G\u5b9a\u5411\u6d41\u91cf+\u901a\u8bdd0.1\u5143\/\u5206\u949f\uff08\u4ec5\u53d1\u6d77\u5357\uff09",
                "selling_point": "[\"\u4ec5\u53d1\u6d77\u5357\",\"\u4eac\u4e1c\u4e0a\u95e8\u6fc0\u6d3b\",\"\u9996\u5145100\"]",
                "yuezu": 29,
                "liuliang": 205,
                "yuyin": 0,
                "dx_liuliang": 30,
                "product_shop_id": 429447,
                "page_shop_id": 563381,
                "pool_id": 0,
                "pool_use_rang": 0,
                "take_number": 0,
                "points": "",
                "operator": 10010,
                "is_top": 0,
                "is_main": 0,
                "share_img": "",
                "shield_id": null,
                "fetch_code": "azKEJkJ2Bs",
                "create_page_time": "2025-03-29 14:41:51"
            },
            {
                "id": 43574056,
                "image1": "https:\/\/static.91haoka.cn\/1743156249eBt563381.jpg",
                "title": "24.\u7535\u4fe1\u661f\u536129\u5143\u5305155G\u901a\u7528\u6d41\u91cf+30G\u5b9a\u5411\u6d41\u91cf+0.1\u5143\/\u5206\u949f\u901a\u8bdd\uff08\u4ec5\u53d1\u6e56\u5317\uff09",
                "selling_point": "[\"\u4ec5\u6e56\u5317\u7701\u5185\",\"\u9996\u6708\u514d\u8d39\",\"\u6fc0\u6d3b\u9009\u53f7\",\"\u957f\u671f\u5957\u9910\"]",
                "yuezu": 29,
                "liuliang": 155,
                "yuyin": 0,
                "dx_liuliang": 30,
                "product_shop_id": 616482,
                "page_shop_id": 563381,
                "pool_id": 0,
                "pool_use_rang": 1,
                "take_number": 0,
                "points": "",
                "operator": 10000,
                "is_top": 0,
                "is_main": 0,
                "share_img": "",
                "shield_id": null,
                "fetch_code": "M3NUaYDVQ3",
                "create_page_time": "2025-03-28 18:04:30"
            },
            {
                "id": 43573971,
                "image1": "https:\/\/static.91haoka.cn\/1743155681EYi563381.jpg",
                "title": "23.\u7535\u4fe1\u661f\u536129\u5143\u5305155G\u901a\u7528\u6d41\u91cf+30G\u5b9a\u5411\u6d41\u91cf+100\u5206\u949f\u514d\u8d39\u901a\u8bdd\uff08\u4ec5\u53d1\u6e56\u5357\uff09",
                "selling_point": "[\"\u53ea\u53d1\u6e56\u5357\",\"\u53ef\u9009\u53f7\"]",
                "yuezu": 29,
                "liuliang": 155,
                "yuyin": 100,
                "dx_liuliang": 30,
                "product_shop_id": 316354,
                "page_shop_id": 563381,
                "pool_id": 0,
                "pool_use_rang": 0,
                "take_number": 3,
                "points": "",
                "operator": 10000,
                "is_top": 0,
                "is_main": 0,
                "share_img": "",
                "shield_id": null,
                "fetch_code": "cOd8OBtd8A",
                "create_page_time": "2025-03-28 17:55:05"
            },
            {
                "id": 43556469,
                "image1": "https:\/\/static.91haoka.cn\/1743149068IEl563381.jpg",
                "title": "21.\u7535\u4fe1\u661f\u536129\u5143\u5305205G\u901a\u7528\u6d41\u91cf+30G\u5b9a\u5411\u6d41\u91cf+100\u5206\u949f\u514d\u8d39\u901a\u8bdd\uff08\u4ec5\u53d1\u5e7f\u4e1c\uff09",
                "selling_point": "[\"\u4ec5\u53d1\u5e7f\u4e1c\",\"\u6fc0\u6d3b\u8fc7\u7a0b\u5145100\",\"\u539f\u5957\u991029\u5143\"]",
                "yuezu": 29,
                "liuliang": 205,
                "yuyin": 100,
                "dx_liuliang": 30,
                "product_shop_id": 616482,
                "page_shop_id": 563381,
                "pool_id": 0,
                "pool_use_rang": 1,
                "take_number": 0,
                "points": "",
                "operator": 10000,
                "is_top": 0,
                "is_main": 0,
                "share_img": "",
                "shield_id": null,
                "fetch_code": "VdREZdQG3X",
                "create_page_time": "2025-03-28 16:04:55"
            },
            {
                "id": 42958447,
                "image1": "https:\/\/static.91haoka.cn\/1742196722xaG563381.jpg",
                "title": "18.\u7535\u4fe1\u661f\u536129\u5143\u5305100G\u901a\u7528\u6d41\u91cf+30G\u5b9a\u5411\u6d41\u91cf+0.1\u5143\/\u5206\u949f\u901a\u8bdd",
                "selling_point": "[\"\u9996\u6708\u514d\u8d39\",\"\u6b21\u6708130G\",\"\u53d1\u5168\u56fd\",\"\u957f\u671f\u5957\u9910\"]",
                "yuezu": 29,
                "liuliang": 100,
                "yuyin": 0,
                "dx_liuliang": 30,
                "product_shop_id": 616482,
                "page_shop_id": 563381,
                "pool_id": 0,
                "pool_use_rang": 1,
                "take_number": 0,
                "points": "",
                "operator": 10000,
                "is_top": 0,
                "is_main": 0,
                "share_img": "",
                "shield_id": null,
                "fetch_code": "tH2Oll1Yqg",
                "create_page_time": "2025-03-17 15:32:30"
            },
            {
                "id": 42904714,
                "image1": "https:\/\/static.91haoka.cn\/1742116897w1A563381.jpg",
                "title": "15.\u7535\u4fe1\u661f\u536129\u5143\u5305105G\u901a\u7528\u6d41\u91cf+30G\u5b9a\u5411\u6d41\u91cf+\u901a\u8bdd0.1\u5143\/\u5206\u949f",
                "selling_point": "[\"\u9996\u6708\u514d\u8d39\",\"\u5168\u56fd\u53d1\u8d27\",\"\u5927\u6d41\u91cf\u5361\"]",
                "yuezu": 29,
                "liuliang": 105,
                "yuyin": 0,
                "dx_liuliang": 30,
                "product_shop_id": 478732,
                "page_shop_id": 563381,
                "pool_id": 0,
                "pool_use_rang": 0,
                "take_number": 0,
                "points": "",
                "operator": 10000,
                "is_top": 0,
                "is_main": 0,
                "share_img": "",
                "shield_id": null,
                "fetch_code": "ar805xXmDN",
                "create_page_time": "2025-03-16 17:22:04"
            },
            {
                "id": 42890020,
                "image1": "https:\/\/static.91haoka.cn\/1742114699xTJ563381.jpg",
                "title": "7.\u5e7f\u7535\u6d59\u6c5f\u536138\u5143\u5305260G\u901a\u7528\u6d41\u91cf+30G\u5b9a\u5411\u6d41\u91cf+300\u5206\u949f\u514d\u8d39\u901a\u8bdd",
                "selling_point": "[\"\u5f02\u5730\u53ef\u5207\u6362\",\"\u6536\u4ef6\u5e02IP\u5730\u5740\u6fc0\u6d3b\",\"\u4e0a\u4f20\u4e09\u7167\u4e0b\u5355\",\"\u5168\u56fd\u6d41\u91cf\"]",
                "yuezu": 38,
                "liuliang": 260,
                "yuyin": 300,
                "dx_liuliang": 30,
                "product_shop_id": 316354,
                "page_shop_id": 563381,
                "pool_id": 0,
                "pool_use_rang": 0,
                "take_number": 0,
                "points": "",
                "operator": 10099,
                "is_top": 0,
                "is_main": 0,
                "share_img": "",
                "shield_id": null,
                "fetch_code": "8EVAFAV2nu",
                "create_page_time": "2025-03-16 16:45:26"
            },
            {
                "id": 42852565,
                "image1": "https:\/\/static.91haoka.cn\/1742027043Ux0563381.jpg",
                "title": "\u8054\u901a\u9655\u897f\u536119\u5143\u5305158G\u901a\u7528\u6d41\u91cf+30G\u5b9a\u5411\u6d41\u91cf+\u901a\u8bdd0.1\u5143\/\u5206\u949f\uff08\u4ec5\u53d1\u9655\u897f\uff09",
                "selling_point": "[\"\u4ec5\u53d1\u9655\u897f\",\"\u5927\u6d41\u91cf\",\"\u4f4e\u6708\u79df\"]",
                "yuezu": 19,
                "liuliang": 158,
                "yuyin": 0,
                "dx_liuliang": 30,
                "product_shop_id": 616482,
                "page_shop_id": 563381,
                "pool_id": 0,
                "pool_use_rang": 1,
                "take_number": 0,
                "points": "",
                "operator": 10010,
                "is_top": 0,
                "is_main": 0,
                "share_img": "",
                "shield_id": null,
                "fetch_code": "hBlWZClrpq",
                "create_page_time": "2025-03-15 16:24:42"
            },
            {
                "id": 42848357,
                "image1": "https:\/\/static.91haoka.cn\/1742020094TKa563381.jpg",
                "title": "\u8054\u901a\u5f69\u4e91\u536129\u5143\u530580G\u901a\u7528\u6d41\u91cf+\u901a\u8bdd0.15\u5143\/\u5206\u949f\uff08\u4ec5\u53d1\u4e91\u5357\uff09",
                "selling_point": "[\"\u4e0b\u5355\u9009\u53f7\",\"\u957f\u671f\u5957\u9910\",\"\u6d41\u91cf\u7ed3\u8f6c\"]",
                "yuezu": 29,
                "liuliang": 80,
                "yuyin": 0,
                "dx_liuliang": 0,
                "product_shop_id": 316354,
                "page_shop_id": 563381,
                "pool_id": 0,
                "pool_use_rang": 0,
                "take_number": 3,
                "points": "",
                "operator": 10010,
                "is_top": 0,
                "is_main": 0,
                "share_img": "",
                "shield_id": null,
                "fetch_code": "iBaov04AGm",
                "create_page_time": "2025-03-15 14:28:34"
            },
            {
                "id": 42826946,
                "image1": "https:\/\/static.91haoka.cn\/1742000442vUh563381.jpg",
                "title": "14.\u7535\u4fe1\u661f\u536129\u5143\u530550G\u5168\u56fd\u901a\u7528\u6d41\u91cf+30G\u5b9a\u5411\u6d41\u91cf+0.1\u5143\/\u5206\u949f\u901a\u8bdd(\u4ec5\u53d1\u6e56\u5317\u7701\u5185)",
                "selling_point": "[\"\u4ec5\u53d1\u6e56\u5317\",\"\u957f\u671f\u5957\u9910\",\"\u6b21\u6708\u52a0\u6d41\u91cf\",\"\u6d41\u91cf\u60ca\u559c\u5927\u793c\u5305\"]",
                "yuezu": 29,
                "liuliang": 50,
                "yuyin": 0,
                "dx_liuliang": 30,
                "product_shop_id": 316354,
                "page_shop_id": 563381,
                "pool_id": 0,
                "pool_use_rang": 0,
                "take_number": 0,
                "points": "",
                "operator": 10000,
                "is_top": 0,
                "is_main": 0,
                "share_img": "",
                "shield_id": null,
                "fetch_code": "XjqfLgm4VE",
                "create_page_time": "2025-03-15 09:01:24"
            },
            {
                "id": 42806903,
                "image1": "https:\/\/static.91haoka.cn\/1741945601vSQ563381.jpg",
                "title": "13.\u7535\u4fe1\u661f\u536129\u5143\u530550G\u5168\u56fd\u901a\u7528\u6d41\u91cf+30G\u5b9a\u5411\u6d41\u91cf+0.1\u5143\/\u5206\u949f\u901a\u8bdd",
                "selling_point": "[\"\u957f\u671f\u5957\u9910\",\"\u5168\u56fd\u53d1\u8d27\",\"\u6b21\u6708\u52a0\u6d41\u91cf\",\"\u6d41\u91cf\u60ca\u559c\u5927\u793c\u5305\"]",
                "yuezu": 29,
                "liuliang": 80,
                "yuyin": 0,
                "dx_liuliang": 30,
                "product_shop_id": 316354,
                "page_shop_id": 563381,
                "pool_id": 0,
                "pool_use_rang": 0,
                "take_number": 0,
                "points": "",
                "operator": 10000,
                "is_top": 0,
                "is_main": 0,
                "share_img": "",
                "shield_id": null,
                "fetch_code": "Bpx8IHjU4V",
                "create_page_time": "2025-03-14 17:47:21"
            },
            {
                "id": 42485737,
                "image1": "https:\/\/static.91haoka.cn\/1741422306vHO563381.jpg",
                "title": "\u5e7f\u7535\u6d59\u6c5f\u536129\u5143\u5305220G\u901a\u7528\u6d41\u91cf+30G\u5b9a\u5411\u6d41\u91cf+200\u5206\u949f\u514d\u8d39\u901a\u8bdd",
                "selling_point": "[\"\u53ef\u81ea\u5df1\u8f6c\u5bc4\",\"\u5feb\u9012\u53d1\u6d59\u6c5f\u7701\u5185\",\"\u8d85\u5927\u6d41\u91cf\"]",
                "yuezu": 28,
                "liuliang": 320,
                "yuyin": 200,
                "dx_liuliang": 30,
                "product_shop_id": 316354,
                "page_shop_id": 563381,
                "pool_id": 0,
                "pool_use_rang": 0,
                "take_number": 0,
                "points": "",
                "operator": 10099,
                "is_top": 0,
                "is_main": 0,
                "share_img": "",
                "shield_id": null,
                "fetch_code": "u59AGQmm5q",
                "create_page_time": "2025-03-08 16:27:06"
            },
            {
                "id": 42426315,
                "image1": "https:\/\/static.91haoka.cn\/1741248943HAo563381.jpg",
                "title": "6.\u5e7f\u7535\u6b63\u9f99\u536129\u5143\u530599G\u901a\u7528\u6d41\u91cf+0.15\u5143\/\u5206\u949f\u901a\u8bdd",
                "selling_point": "[\"\u5168\u56fd\u9009\u53f7\",\"\u6536\u8d27\u5730\u5373\u5f52\u5c5e\u5730\",\"\u9996\u6708\u514d\u8d39\",\"\u6d41\u91cf\u7ed3\u8f6c\",\"\u4e0d\u9500\u6237\u7ed3\u7b97\"]",
                "yuezu": 29,
                "liuliang": 99,
                "yuyin": 0,
                "dx_liuliang": 0,
                "product_shop_id": 316354,
                "page_shop_id": 563381,
                "pool_id": 0,
                "pool_use_rang": 0,
                "take_number": 3,
                "points": "",
                "operator": 10099,
                "is_top": 0,
                "is_main": 0,
                "share_img": "",
                "shield_id": null,
                "fetch_code": "5w5j376mfq",
                "create_page_time": "2025-03-06 16:16:09"
            },
            {
                "id": 42425575,
                "image1": "https:\/\/static.91haoka.cn\/1741248074xKF563381.jpg",
                "title": "5.\u5e7f\u7535\u6b63\u9f99\u536129\u5143\u530599G\u901a\u7528\u6d41\u91cf+0.15\u5143\/\u5206\u949f\u901a\u8bdd",
                "selling_point": "[\"\u5168\u56fd\u9009\u53f7\",\"\u6536\u8d27\u5730\u5373\u5f52\u5c5e\u5730\",\"\u9996\u6708\u514d\u8d39\",\"\u6d41\u91cf\u7ed3\u8f6c\"]",
                "yuezu": 29,
                "liuliang": 99,
                "yuyin": 0,
                "dx_liuliang": 0,
                "product_shop_id": 316354,
                "page_shop_id": 563381,
                "pool_id": 0,
                "pool_use_rang": 0,
                "take_number": 3,
                "points": "",
                "operator": 10099,
                "is_top": 0,
                "is_main": 0,
                "share_img": "",
                "shield_id": null,
                "fetch_code": "dBgoIzoYnW",
                "create_page_time": "2025-03-06 16:01:46"
            },
            {
                "id": 41455594,
                "image1": "https:\/\/static.91haoka.cn\/1739701403wm5462717.jpg",
                "title": "\u7535\u4fe1\u660e\u5fc3\u536119\u5143\u5305205G\u901a\u7528\u6d41\u91cf+30G\u5b9a\u5411\u6d41\u91cf+100\u5206\u949f\u514d\u8d39\u901a\u8bdd(\u53d1\u5168\u56fd)",
                "selling_point": "[\"21-60\u5468\u5c81\",\"19\u5143\",\"\u53ef\u53d1\u5168\u56fd\"]",
                "yuezu": 19,
                "liuliang": 205,
                "yuyin": 100,
                "dx_liuliang": 30,
                "product_shop_id": 563381,
                "page_shop_id": 563381,
                "pool_id": 0,
                "pool_use_rang": 0,
                "take_number": 0,
                "points": "",
                "operator": 10000,
                "is_top": 0,
                "is_main": 0,
                "share_img": "",
                "shield_id": null,
                "fetch_code": "j1vZCEhNQy",
                "create_page_time": "2025-02-17 09:57:30"
            },
            {
                "id": 36639360,
                "image1": "https:\/\/static.91haoka.cn\/1731057254htE563381.jpg",
                "title": "\u8054\u901a\u82cf\u7a0b\u536139\u5143\u5305210G\u901a\u7528\u6d41\u91cf+100\u5206\u949f\u901a\u8bdd\uff08\u4ec5\u53d1\u6c5f\u82cf\u7701\u5185\uff09",
                "selling_point": "[\"\u4ec5\u53d1\u6c5f\u82cf\",\"18-60\u5468\u5c81\",\"\u8054\u901a\u5de5\u4f5c\u4eba\u5458\u4e0a\u95e8\"]",
                "yuezu": 39,
                "liuliang": 210,
                "yuyin": 100,
                "dx_liuliang": 0,
                "product_shop_id": 303006,
                "page_shop_id": 563381,
                "pool_id": 0,
                "pool_use_rang": 0,
                "take_number": 1,
                "points": "",
                "operator": 10010,
                "is_top": 0,
                "is_main": 0,
                "share_img": "",
                "shield_id": null,
                "fetch_code": "NRUpgQP5bK",
                "create_page_time": "2024-11-08 17:15:06"
            },
            {
                "id": 36582599,
                "image1": "https:\/\/static.91haoka.cn\/1730968613UKn563381.jpg",
                "title": "\u8054\u901a\u4eab\u9713\u536129\u5143\u5305135G\u901a\u7528\u6d41\u91cf+100\u5206\u949f\u514d\u8d39\u901a\u8bdd\uff08\u6536\u8d27\u5730\u5373\u5f52\u5c5e\u5730\uff09",
                "selling_point": "[\"18-60\",\"\u65e0\u9700\u7167\u7247\",\"\u5f52\u5c5e\u5730\u4e3a\u6536\u8d27\u7701\u4efd\",\"\u4eac\u4e1c\u4e0a\u95e8\u9001\",\"\u53ef\u53d1\u6e56\u5357\u3001\u6d59\u6c5f\u3001\u4e91\u5357\u3001\u5e7f\u897f\u3001\u6c5f\u897f\u3001\u6e56\u5317\u3001\u5e7f\u4e1c\"]",
                "yuezu": 29,
                "liuliang": 135,
                "yuyin": 100,
                "dx_liuliang": 0,
                "product_shop_id": 301654,
                "page_shop_id": 563381,
                "pool_id": 0,
                "pool_use_rang": 0,
                "take_number": 0,
                "points": "",
                "operator": 10010,
                "is_top": 0,
                "is_main": 0,
                "share_img": "",
                "shield_id": null,
                "fetch_code": "C48tEK05S1",
                "create_page_time": "2024-11-07 16:37:29"
            },
            {
                "id": 35700606,
                "image1": "https:\/\/static.91haoka.cn\/1729821456ViV563381.jpg",
                "title": "\u8054\u901a\u91d1\u9f99\u536139\u5143\u5305219G\u901a\u7528\u6d41\u91cf+100\u5206\u949f\u514d\u8d39\u901a\u8bdd\uff08\u4ec5\u53d1\u5e7f\u897f\uff09",
                "selling_point": "[\"\u4ec5\u53d1\u5e7f\u897f\",\"19-60\u5468\u5c81\",\"\u7981\u6b62\u66f4\u6539\u4ea7\u54c1\u540d\u79f0\u3001\u66f4\u6539\u4ea7\u54c1\u5185\u5bb9\",\"\u7981\u6b62\u4e8c\u6b21\u5305\u88c5\",\"\"]",
                "yuezu": 39,
                "liuliang": 219,
                "yuyin": 100,
                "dx_liuliang": 0,
                "product_shop_id": 74152,
                "page_shop_id": 563381,
                "pool_id": 0,
                "pool_use_rang": 0,
                "take_number": 1,
                "points": "",
                "operator": 10010,
                "is_top": 0,
                "is_main": 0,
                "share_img": "https:\/\/static.91haoka.cn\/1729821465fvl563381.jpg",
                "shield_id": null,
                "fetch_code": "2xrKqOvmQf",
                "create_page_time": "2024-10-25 09:58:15"
            },
            {
                "id": 35700381,
                "image1": "https:\/\/static.91haoka.cn\/1729820499vDv563381.jpg",
                "title": "\u8054\u901a\u91d1\u9f99\u536129\u5143\u5305219G\u901a\u7528\u6d41\u91cf+100\u5206\u949f\u514d\u8d39\u901a\u8bdd\uff08\u4ec5\u53d1\u5e7f\u897f\uff09",
                "selling_point": "[\"\u5168\u901a\u7528\u6d41\u91cf\",\"\u4ec5\u53d1\u5e7f\u897f\"]",
                "yuezu": 29,
                "liuliang": 219,
                "yuyin": 100,
                "dx_liuliang": 0,
                "product_shop_id": 563381,
                "page_shop_id": 563381,
                "pool_id": 0,
                "pool_use_rang": 0,
                "take_number": 0,
                "points": "",
                "operator": 10010,
                "is_top": 0,
                "is_main": 0,
                "share_img": "https:\/\/static.91haoka.cn\/17298205019H7563381.jpg",
                "shield_id": null,
                "fetch_code": "Z0Run1T7yn",
                "create_page_time": "2024-10-25 09:42:48"
            },
            {
                "id": 35660439,
                "image1": "https:\/\/static.91haoka.cn\/1729736644Owy563381.jpg",
                "title": "\u8054\u901a\u5bbd\u5e26\u5361139\u5143\u5305200G\u901a\u7528\u6d41\u91cf+500\u5206\u949f\u514d\u8d39\u901a\u8bdd+1000M\u5bbd\u5e26+\u89c6\u9891\u4f1a\u5458\uff08\u957f\u671f\u5957\u9910\uff0c\u4ec5\u53d1\u6d59\u6c5f\uff09",
                "selling_point": "[\"\u514d\u8d39\u5bbd\u5e26\",\"\u514d\u8d39\u526f\u5361\",\"\u9001\u624b\u673a\u3001\u76d1\u63a7\u6444\u50cf\u5934\",\"\u5168\u5c4b\u5149WiFi\u8bbe\u5907\",\"\u4e13\u5c5e\u9753\u53f7\"]",
                "yuezu": 139,
                "liuliang": 200,
                "yuyin": 500,
                "dx_liuliang": 0,
                "product_shop_id": 563381,
                "page_shop_id": 563381,
                "pool_id": 0,
                "pool_use_rang": 0,
                "take_number": 0,
                "points": "",
                "operator": 10010,
                "is_top": 0,
                "is_main": 0,
                "share_img": "https:\/\/static.91haoka.cn\/1729736656tTs563381.jpg",
                "shield_id": null,
                "fetch_code": "oFPFZ1oGtH",
                "create_page_time": "2024-10-24 10:43:52"
            }
        ],
        "is_whole_country": 0
    }
}
